,Movie,Audience,Open,Screen,watchGradeNm,genres
20192193,도굴,565469,2020-11-04,1634,12세이상관람가,범죄
20197121,삼진그룹 영어토익반,1257444,2020-10-21,1080,12세이상관람가,드라마
20199816,담보,1702252,2020-09-29,407,12세이상관람가,드라마
20208508,미스터트롯: 더 무비,140594,2020-10-22,159,전체관람가,공연
20194424,소리도 없이,401759,2020-10-15,126,15세이상관람가,범죄
20209304,다만 악에서 구하소서 파이널컷,34205,2020-10-28,78,청소년관람불가,액션
20178401,검객,188990,2020-09-23,23,15세이상관람가,액션
20206588,극장판 미니특공대: 햄버거괴물의 습격,55468,2020-09-30,38,전체관람가,애니메이션
20207113,관전녀2,169,2020-11-06,20,청소년관람불가,멜로/로맨스
20081003,박쥐,2208279,2009-04-30,1,청소년관람불가,공포(호러)
20206826,"그대, 고맙소 : 김호중 생애 첫 팬미팅 무비",100725,2020-09-29,53,전체관람가,공연
20193666,오! 문희,350993,2020-09-02,20,12세이상관람가,코미디
20204684,브레이크 더 사일런스: 더 무비,131693,2020-09-24,66,전체관람가,다큐멘터리
20190601,디바,107480,2020-09-23,6,15세이상관람가,스릴러
20196750,웰컴 투 X-월드,710,2020-10-29,2,전체관람가,다큐멘터리
20184482,국제수사,534629,2020-09-29,11,15세이상관람가,코미디
20190621,죽지않는 인간들의 밤,101663,2020-09-29,7,15세이상관람가,코미디
20206291,피원에이치 : 새로운 세계의 시작 ,1912,2020-10-08,21,15세이상관람가,드라마
20208045,강철비2 : 정상회담 확장판,17918,2020-09-30,48,15세이상관람가,드라마
20196271,강철비2: 정상회담,1789780,2020-07-29,9,15세이상관람가,드라마
20204643,다시 만난 날들,2143,2020-09-24,105,12세이상관람가,뮤지컬
20197922,다만 악에서 구하소서,4354336,2020-08-05,37,15세이상관람가,범죄
20193450,반도,3811810,2020-07-15,6,15세이상관람가,액션
20205284,매지컬: 공주를 웃겨라,3901,2020-09-17,22,전체관람가,애니메이션
20183813,결백,894025,2020-06-10,14,15세이상관람가,드라마
20199883,오케이 마담,1228551,2020-08-12,23,15세이상관람가,코미디
20206679,공포체험라디오 4DX,1468,2020-09-16,36,15세이상관람가,공포(호러)
20205226,인디애니페스트2020 새벽비행1,576, ,2,,애니메이션
20205227,인디애니페스트2020 새벽비행2,265, ,2,,애니메이션
20050333,왕의 남자,10514167,2005-12-29,1,15세이상관람가,드라마
20158482,동주,1176644,2016-02-17,1,12세이상관람가,드라마
20148846,사도,6247739,2015-09-16,1,12세이상관람가,사극
20178982,박열,2359775,2017-06-28,1,12세이상관람가,드라마
20206260,예쁜 여동생 2,60,2020-09-06,1,청소년관람불가,멜로/로맨스
20204095,오렌지필름 기획전 - 지금이 아닌 계절을 써요,22, ,1,,기타
20202904,마지막 사랑,20,2020-09-04,20,청소년관람불가,멜로/로맨스
20101044,사랑방 손님과 어머니,1511, ,1,,드라마
20193069,#살아있다,1903703,2020-06-24,8,15세이상관람가,드라마
20193275,브링 더 소울 : 더 무비,337593,2019-08-07,33,전체관람가,기타
20203785,DIFF2020 경쟁9,31, ,1,,기타
20203804,DIFF2020 대구단편 신작전 <딮하고 숏하게>,18, ,1,,기타
20201785,태백권,1476,2020-08-20,60,15세이상관람가,코미디
20203083,그녀의 모유는 백신,170,2020-08-21,20,청소년관람불가,성인물(에로)
20209907,코리안시네마 단편 1 - 제21회 전주국제영화제,197, ,1,,기타
20201841,부활,14356,2020-07-09,10,전체관람가,다큐멘터리
20209852,한국단편경쟁 3 - 제21회 전주국제영화제,120, ,1,,기타
20209853,한국단편경쟁 6 - 제21회 전주국제영화제,161, ,1,,기타
20200293,보라보라,175, ,1,,다큐멘터리
20209949,생각의 여름,76, ,1,,드라마
20204033,미쟝센 단편영화제 수상작 특별전 섹션 1,58, ,1,,기타
20209934,홈리스,87, ,1,,드라마
20198501,빛과 철,71, ,1,,드라마
20209903,한국단편경쟁 1 - 제21회 전주국제영화제,63, ,1,,기타
20203821,18 승하의 누워서 떡 먹기,60,2020-08-07,1,청소년관람불가,멜로/로맨스
20200244,주부남편의 발기찬 바깥생활,169,2020-07-31,20,청소년관람불가,성인물(에로)
20196201,소리꾼,80984,2020-07-01,4,12세이상관람가,사극
20202063,클리어 코로나 19 - 로드무비,77, ,1,,드라마
20200002,프리즈너,1621,2020-07-23,2,15세이상관람가,액션
20202286,인디포럼2020 신작전 단편1 : 재현불가,98, ,1,,기타
20090557,호우시절,288419,2009-10-08,5,15세이상관람가,멜로/로맨스
20202301,인디포럼2020 신작전 단편4 : 당신이 보지 못한 시간,45, ,1,,기타
20100509,피아골,887,1955-09-23,1,,드라마
20201801,오렌지필름 기획전 - 쓰-다.,47, ,1,,기타
20193859,사라진 시간,185783,2020-06-18,1,15세이상관람가,미스터리
20200846,부산행:익스텐디드,4098,2020-07-01,2,15세이상관람가,액션
20202646,[It's My turn!] 무서운 이야기-이선영 ,11, ,1,,공포(호러)
20197863,침입자,531969,2020-06-04,20,15세이상관람가,미스터리
20201828,불륜의 세계,169,2020-07-10,20,청소년관람불가,기타
20202458,가슴 큰 태희-무삭제판,60,2020-07-10,1,청소년관람불가,멜로/로맨스
20202083,클리어 코로나 19 - 19앤오버,20, ,3,,드라마
20170841,리틀 포레스트,1508063,2018-02-28,27,전체관람가,드라마
20201045,옆집소녀4,168,2020-07-03,19,청소년관람불가,멜로/로맨스
20209405,여배우들: 섹스 오디션,60,2020-07-03,1,청소년관람불가,성인물(에로)
20070282,가리베가스,25, ,1,18세관람가,드라마
20209021,런 보이 런,2886,2020-05-28,2,15세이상관람가,드라마
20200747,MSFF2020 희극지왕 2,137, ,1,,코미디
20200724,MSFF2020 희극지왕 1,118, ,1,,코미디
20200748,MSFF2020 희극지왕 3,104, ,1,,코미디
20200722,MSFF2020 비정성시 2,95, ,1,,드라마
20198890,아이즈 온 미 : 더 무비,37743,2020-06-10,100,전체관람가,공연
20200490,제인의 썸머,2062,2020-06-18,30,청소년관람불가,멜로/로맨스
20209430,열혈형사,2088,2020-06-18,121,12세이상관람가,코미디
20207722,저 산 너머,103412,2020-04-30,6,12세이상관람가,드라마
20209426,아이돌 섹스: LA 교포녀,60,2020-06-19,1,청소년관람불가,성인물(에로)
20209461,입천장 까지도록 와그작,36, ,1,,기타
20010020,엽기적인 그녀,57,2001-07-26,1,15세관람가,코미디
20209488,싸와디캅 원정섹스,19,2020-06-12,19,청소년관람불가,성인물(에로)
20193836,핑크퐁 시네마 콘서트 : 우주대탐험,17597,2020-01-30,1,전체관람가,애니메이션
20209602,19th 필름다빈 프로젝트: 김해나 배우전 ,36, ,1,,기타
19970014,접속,1854,1997-09-13,1,고등학생이상관람가,멜로/로맨스
20185881,증인,2534853,2019-02-13,1,12세이상관람가,드라마
20129370,명량,17615685,2014-07-30,1,15세이상관람가,사극
20183782,기생충,10313062,2019-05-30,4,15세이상관람가,드라마
20209506,방콕 어린형수,20,2020-06-05,20,청소년관람불가,성인물(에로)
20180962,지푸라기라도 잡고 싶은 짐승들,627247,2020-02-19,6,청소년관람불가,스릴러
20193321,정직한 후보,1536652,2020-02-12,3,12세이상관람가,코미디
20126674,설국열차,9353332,2013-08-01,26,15세이상관람가,SF
20124401,신세계,4688978,2013-02-21,20,청소년관람불가,범죄
20030046,살인의 추억,12834,2003-04-25,24,15세관람가,스릴러
20209282,이모의유혹3,169,2020-05-29,20,청소년관람불가,멜로/로맨스
20209166,배달노출2 : 초대남과 좋아죽는 와이프,138,2020-05-29,20,청소년관람불가,성인물(에로)
20127593,7번방의 선물,12812039,2013-01-23,34,15세이상관람가,코미디
20120426,고령화 가족,1141444,2013-05-09,16,15세이상관람가,드라마
20208595,얼굴없는 보스: 못다한 이야기 감독판,1472,2020-05-13,6,15세이상관람가,범죄
20182530,극한직업,16266337,2019-01-23,1,15세이상관람가,코미디
20000011,동감,5503,2000-05-27,3,12세관람가,멜로/로맨스
20209441,가슴 큰 울 엄마 2,60,2020-05-22,1,청소년관람불가,멜로/로맨스
20208988,아르코라이브 의자 고치는 여인,84,2020-05-20,6,12세이상관람가,공연
20158022,구름은 흘러도,2348, ,1,,드라마
20188421,미스터 주: 사라진 VIP,604143,2020-01-22,3,12세이상관람가,코미디
20208941,가슴 큰 가인,51,2020-05-15,20,청소년관람불가,멜로/로맨스
20208801,siff 2020 단편2 : 비밀과 거짓말,36, ,1,,기타
20208802,siff 2020 단편5 : 다가가고 싶은 오늘,24, ,1,,기타
20208781,siff 2020 단편1 : 세상에 모든 그녀들 ,23, ,1,,기타
20208744,82년생 박아라,281, ,20,청소년관람불가,멜로/로맨스
20198323,레드슈즈,820740,2019-07-25,21,전체관람가,애니메이션
20208620,오렌지필름 기획전 - 울고 싶을 땐 꼭 비가 오더라,47, ,1,,기타
20198183,뽀로로 극장판 보물섬 대모험,767737,2019-04-25,4,전체관람가,애니메이션
20208803,<인디피크닉 2020> 씨네큐브 단편3 : 각자의 길 위에서 ,27, ,1,,기타
20186501,극장판 헬로카봇 : 백악기 시대,880776,2018-08-01,4,전체관람가,애니메이션
20208597,아르코라이브 무용 히트 앤 런,38,2020-05-06,4,전체관람가,공연
20193821,극장판 헬로카봇 : 달나라를 구해줘!,590708,2019-09-04,22,전체관람가,애니메이션
20206305,아르코라이브 뮤지컬 안테모사,908,2020-03-25,13,전체관람가,공연
20164844,불한당: 나쁜 놈들의 세상,963239,2017-05-17,1,청소년관람불가,범죄
20182447,클로젯,1270288,2020-02-05,7,15세이상관람가,미스터리
20198414,시동,3318429,2019-12-18,4,15세이상관람가,드라마
20198374,신비아파트 극장판 하늘도깨비 대 요르문간드,894356,2019-12-19,2,전체관람가,애니메이션
20192206,백두산,8252669,2019-12-19,1,12세이상관람가,어드벤처
20192101,히트맨,2406232,2020-01-22,2,15세이상관람가,코미디
20207464,사내정사: 은밀한 회의실,165,2020-04-24,20,청소년관람불가,드라마
20192984,극장판 미니특공대: 공룡왕 디노 ,79723,2020-02-06,3,전체관람가,애니메이션
20191422,공수도,2795,2020-04-09,13,15세이상관람가,액션
20207465,배달노출 : 알몸으로 유혹하기,81,2020-04-17,20,청소년관람불가,성인물(에로)
20183096,생일,1197685,2019-04-03,13,전체관람가,드라마
20206928,낮손님,297,2020-04-15,7,청소년관람불가,미스터리
20149314,내부자들,7073543,2015-11-19,2,청소년관람불가,범죄
20197742,부재의 기억,22, ,1,,다큐멘터리
20100213,부당거래,2725699,2010-10-28,10,청소년관람불가,범죄
20206424,사랑하고 있습니까,12820,2020-03-25,13,12세이상관람가,판타지
19970037,비트,1537,1997-05-03,5,연소자관람불가,액션
20180804,곤지암,2676423,2018-03-28,3,15세이상관람가,공포(호러)
20193690,환각섹스,244,2020-04-03,10,청소년관람불가,멜로/로맨스
20193689,누드모델의 목적,244,2020-04-03,10,청소년관람불가,멜로/로맨스
20206462,스폰서 X,242,2020-03-27,18,청소년관람불가,멜로/로맨스
20185484,안나 카레니나,5073,2018-06-29,5,12세이상관람가,뮤지컬
20191047,청불학원2,79,2020-03-27,20,청소년관람불가,
20205563,여선생3,169,2020-03-20,20,청소년관람불가,기타
20205709,친구누나들,110,2020-03-20,20,청소년관람불가,멜로/로맨스
20174981,창궐,1599610,2018-10-25,1,15세이상관람가,사극
20180939,남산의 부장들,4750078,2020-01-22,3,15세이상관람가,드라마
20205100,다 해주는 태국 여비서,1, ,1,청소년관람불가,드라마
20204436,목공소에서 생긴 일,51,2020-03-06,20,청소년관람불가,멜로/로맨스
20205621,시호,268,2020-02-27,6,청소년관람불가,멜로/로맨스
20206081,유관순과 8호감방 ,10, ,1,12세이상관람가,기타
20183002,해치지않아,1224546,2020-01-15,6,12세이상관람가,코미디
20192086,여동생의 사생활,134,2020-02-14,16,청소년관람불가,멜로/로맨스
20184571,천문: 하늘에 묻는다,2000393,2019-12-26,4,12세이상관람가,사극
20204804,의붓 여동생,169,2020-02-07,20,청소년관람불가,드라마
20184722,사냥의 시간,850, ,2,,스릴러
19598036,여사장,2235, ,1,,코미디
20192507,도도녀 길들이기 ,187,2020-01-10,20,청소년관람불가,멜로/로맨스
20193393,어린 관리사 ,169,2020-01-10,20,청소년관람불가,성인물(에로)
20191029,82년생 김지영,3678292,2019-10-23,1,12세이상관람가,드라마
20195002,블랙머니,2479464,2019-11-13,5,12세이상관람가,범죄
20193688,과외 누나,244,2020-01-03,20,청소년관람불가,멜로/로맨스
20192026,대리 남편 ,169,2020-01-03,20,청소년관람불가,기타
20191532,아내와 내 친구들,169,2020-01-03,20,청소년관람불가,멜로/로맨스
20187322,"힘을 내요, 미스터 리",1181960,2019-09-11,5,12세이상관람가,코미디
20194045,극장판 반지의 비밀일기,68339,2019-09-11,4,전체관람가,애니메이션
20184483,퍼펙트맨,1240022,2019-10-02,4,15세이상관람가,코미디
20190385,웃는남자 감독판,12820,2019-11-29,1,전체관람가,공연
20188462,감쪽같은 그녀,469015,2019-12-04,7,전체관람가,드라마
20193601,장사리 : 잊혀진 영웅들,1140708,2019-09-25,3,12세이상관람가,전쟁
20185161,나를 찾아줘,642367,2019-11-27,101,15세이상관람가,스릴러
20192397,2019 중앙영화제 GLIMPSE 섹션,268, ,2,,기타
20176251,내안의 그놈,1917999,2019-01-09,1,15세이상관람가,판타지
20184621,엑시트,9425492,2019-07-31,2,12세이상관람가,코미디
20192486,2019 중앙영화제 GLARE 섹션 ,188, ,1,,기타
20194621,아직 사랑하고 있습니까?,1216,2019-12-04,34,청소년관람불가,코미디
20181434,신의 한 수: 귀수편,2155013,2019-11-07,10,15세이상관람가,범죄
20191366,(2019최강애니전) 소녀이야기,1060, ,1,,기타
20184341,얼굴없는 보스,23451,2019-11-21,16,15세이상관람가,액션
20190636,제 15회 성균관대학교 영상학과 졸업영상제 TeenScreen,1269, ,1,,기타
20199435,몬테크리스토,1661,2019-11-14,9,12세이상관람가,뮤지컬
20184462,봉오동 전투,4784703,2019-08-07,2,15세이상관람가,사극
20195920,가장 보통의 연애,2923009,2019-10-02,13,15세이상관람가,멜로/로맨스
20140703,장수상회,1166729,2015-04-09,1,12세이상관람가,멜로/로맨스
20174142,아이 캔 스피크,3283073,2017-09-21,3,12세이상관람가,코미디
20199032,최음섹스,244,2019-11-08,20,청소년관람불가,멜로/로맨스
20188750,나쁜 녀석들: 더 무비,4573353,2019-09-11,3,15세이상관람가,범죄
20185361,두번할까요,175567,2019-10-17,7,15세이상관람가,코미디
20198732,AISFF 2019 국내경쟁 그룹1,319, ,1,,기타
20198733,AISFF 2019 국내경쟁 그룹2,314, ,1,,드라마
20198734,AISFF 2019 국내경쟁 그룹3,314, ,1,,드라마
20184105,말모이,2866453,2019-01-09,1,12세이상관람가,드라마
20030003,클래식,15240,2003-01-30,19,12세관람가,드라마
20110279,마당을 나온 암탉,2204374,2011-07-28,28,전체관람가,애니메이션
20186707,오늘도 위위,1114,2019-10-17,40,전체관람가,드라마
20194456,양자물리학,552187,2019-09-25,33,15세이상관람가,범죄
20198318,강남 며느리,176,2019-10-11,20,청소년관람불가,멜로/로맨스
20185784,나의 특별한 형제,1476777,2019-05-01,1,12세이상관람가,드라마
20184572,타짜: 원 아이드 잭,2227543,2019-09-11,69,청소년관람불가,범죄
20184543,변신,1803112,2019-08-21,5,15세이상관람가,공포(호러)
20182585,비스트,203042,2019-06-26,5,15세이상관람가,범죄
20181416,유열의 음악앨범,1240975,2019-08-28,105,12세이상관람가,멜로/로맨스
20185985,광대들: 풍문조작단,632384,2019-08-21,199,12세이상관람가,사극
20020061,집으로...,4975,2002-04-04,51,전체관람가,드라마
20182490,나랏말싸미,954880,2019-07-24,3,전체관람가,사극
20193642,캐리tv 러브콘서트 더 무비,29091,2019-08-07,22,전체관람가,공연
20188404,암전,101366,2019-08-15,36,15세이상관람가,미스터리
20180442,사자,1602046,2019-07-31,213,15세이상관람가,미스터리
20194044,공포체험단 곤지암편,3282,2019-07-19,11,15세이상관람가,공포(호러)
20194141,어우동과 춘향뎐,245,2019-08-09,20,청소년관람불가,멜로/로맨스
20185353,기방도령,284283,2019-07-10,5,15세이상관람가,코미디
20193013,극장판 샤이닝스타:새로운 루나퀸의 탄생!,15703,2019-07-18,6,전체관람가,애니메이션
20185986,진범,166838,2019-07-10,38,15세이상관람가,스릴러
20198453,롱 리브 더 킹: 목포 영웅,1092611,2019-06-19,7,15세이상관람가,액션
20188941,악인전,3364100,2019-05-15,6,청소년관람불가,범죄
20124079,"광해, 왕이 된 남자",12323988,2012-09-13,1,15세이상관람가,사극
20187981,배심원들,287902,2019-05-15,1,12세이상관람가,드라마
20192591,BIFAN2019 판타스틱 단편 걸작선 1,25000, ,5,,기타
20122783,감시자들,5509019,2013-07-03,1,15세이상관람가,범죄
20180361,귀신의 향기,543,2019-07-03,17,15세이상관람가,공포(호러)
20192747,이모의유혹2,110,2019-07-05,20,청소년관람불가,멜로/로맨스
20192421,MSFF2019 희극지왕 1,408, ,1,,코미디
20192360,MSFF2019 4만번의 구타 2,396, ,1,,스릴러
20192422,MSFF2019 희극지왕 3,395, ,1,,코미디
20192242,MSFF2019 사랑에 관한 짧은 필름 2,383, ,1,,멜로/로맨스
20192359,MSFF2019 4만번의 구타 1,381, ,1,,스릴러
20184082,걸캅스,1627524,2019-05-09,9,15세이상관람가,코미디
20199448,어린 의뢰인,199375,2019-05-22,6,12세이상관람가,드라마
20192426,시월드,184,2019-06-21,20,청소년관람불가,멜로/로맨스
20151229,더 킹,5317959,2017-01-18,1,15세이상관람가,범죄
20188144,0.0MHz,136939,2019-05-29,26,15세이상관람가,공포(호러)
20191744,노리개: 그녀의 눈물,2287,2019-06-13,50,15세이상관람가,드라마
20198982,크게 될 놈,102374,2019-04-18,2,15세이상관람가,드라마
20191603,아빠와 딸,248,2019-06-07,20,청소년관람불가,멜로/로맨스
20191891,[KQFF] 국내단편1:우당탕탕 퀴어들,334, ,1,,드라마
20191841,오피스텔-잘하는애들로,122,2019-06-07,20,청소년관람불가,멜로/로맨스
20090248,마더,2980954,2009-05-28,7,청소년관람불가,드라마
20180825,미성년,292140,2019-04-11,8,15세이상관람가,드라마
20175547,스윙키즈,1472702,2018-12-19,38,12세이상관람가,드라마
20182501,왓칭,55083,2019-04-17,6,15세이상관람가,공포(호러)
20142406,탐정 홍길동: 사라진 마을,1430960,2016-05-04,1,15세이상관람가,드라마
20137048,국제시장,14262976,2014-12-17,1,12세이상관람가,드라마
20190791,오렌지필름 기획전-유지영 감독전 <The color of YOO>,5, ,1,,기타
20176103,돈,3388756,2019-03-20,20,15세이상관람가,범죄
20175407,우상,183744,2019-03-20,2,15세이상관람가,스릴러
20198124,오렌지필름 4주년,18, ,1,,기타
20156564,부산행,11567318,2016-07-20,14,15세이상관람가,액션
20199763,엄마학개론,110,2019-04-19,20,청소년관람불가,멜로/로맨스
20198633,내 엄마의 친구 2,440,2019-04-12,25,청소년관람불가,멜로/로맨스
20177552,국가부도의 날,3755133,2018-11-28,1,12세이상관람가,드라마
20197846,악질경찰,260989,2019-03-20,13,청소년관람불가,범죄
20166301,썬키스 패밀리,31283,2019-03-27,20,15세이상관람가,가족
20177539,사바하,2398348,2019-02-20,5,15세이상관람가,미스터리
20198913,여배우: 섹스수업,174,2019-04-05,20,청소년관람불가,멜로/로맨스
20186324,언더독,193837,2019-01-16,4,전체관람가,애니메이션
20199045,SIDOF2019_망치/75미터의 끝에서/유언,166, ,1,,다큐멘터리
20198005,2019 한국영화아카데미 35기 졸업영화제 개막작,800, ,1,,드라마
20197986,2019 한국영화아카데미 35기 졸업영화제 섹션A,640, ,1,,드라마
20198006,2019 한국영화아카데미 35기 졸업영화제 섹션B,640, ,1,,드라마
20198007,2019 한국영화아카데미 35기 졸업영화제 섹션C,640, ,1,,드라마
20176442,자전차왕 엄복동,168884,2019-02-27,68,12세이상관람가,드라마
20185478,극장판 헬로카봇: 옴파로스 섬의 비밀,574302,2019-01-31,12,전체관람가,애니메이션
20198465,가슴 큰 여자친구,189,2019-03-08,20,청소년관람불가,멜로/로맨스
20198083,오렌지필름 3월 상영회 [눈을 감아보면] ,21, ,1,,기타
20181206,밤빛,61, ,1,,드라마
20174169,기묘한 가족,262920,2019-02-13,9,12세이상관람가,코미디
20186202,신과함께-인과 연,12276115,2018-08-01,2,12세이상관람가,판타지
19970033,낮은 목소리 2,119,1997-08-22,1,연소자관람가,다큐멘터리
20166602,그대 이름은 장미,86838,2019-01-16,2,12세이상관람가,코미디
20180868,뺑반,1826154,2019-01-30,9,15세이상관람가,범죄
20101003,혈투,44462,2011-02-24,1,15세이상관람가,액션
20185124,러브 유어셀프 인 서울,342366,2019-01-26,48,전체관람가,공연
20183915,극장판 공룡메카드: 타이니소어의 섬,408822,2019-01-10,17,전체관람가,애니메이션
20170658,PMC: 더 벙커,1670859,2018-12-26,5,15세이상관람가,액션
20183785,점박이 한반도의 공룡2 : 새로운 낙원,548661,2018-12-25,10,전체관람가,애니메이션
20184187,언니,197211,2019-01-01,94,청소년관람불가,액션
20168773,마약왕,1863283,2018-12-19,10,청소년관람불가,범죄
20179230,도어락,1560352,2018-12-05,5,15세이상관람가,스릴러
20177538,완벽한 타인,5292712,2018-10-31,29,15세이상관람가,드라마
20184578,초대녀 2,184,2018-12-28,20,청소년관람불가,멜로/로맨스
20183745,런닝맨 : 풀룰루의 역습,186064,2018-12-05,36,전체관람가,애니메이션
20183650,번개맨의 비밀,49367,2018-12-06,113,전체관람가,가족
20184481,성난황소,1590591,2018-11-22,98,15세이상관람가,범죄
20184529,트와이스랜드,17823,2018-12-07,10,전체관람가,다큐멘터리
20182981,리벤져,2322,2018-12-06,45,15세이상관람가,액션
20183634,SIFF2018-폐막식,296, ,1,,기타
20183050,번 더 스테이지: 더 무비,312584,2018-11-15,57,전체관람가,기타
20181561,덕구,315164,2018-04-05,4,전체관람가,드라마
20189869,해피 투게더,24827,2018-11-15,5,12세이상관람가,드라마
20173202,버닝,528372,2018-05-17,1,청소년관람불가,미스터리
20170513,동네사람들,459918,2018-11-07,28,15세이상관람가,액션
20176122,안시성,5439308,2018-09-19,1,12세이상관람가,사극
20189746,극장판 뽀잉: 슈퍼 변신의 비밀,40892,2018-09-20,3,전체관람가,애니메이션
20179006,여곡성,66455,2018-11-08,40,15세이상관람가,공포(호러)
20101125,로맨스그레이,1115, ,1,12세이상관람가,드라마
20189067,미쓰백,721183,2018-10-11,6,15세이상관람가,드라마
20179189,암수살인,3786412,2018-10-03,63,15세이상관람가,범죄
20020106,복수는 나의 것,1918,2002-03-28,8,18세관람가,범죄
20050148,친절한 금자씨,3121204,2005-07-29,9,18세관람가,스릴러
20177308,협상,1967721,2018-09-19,4,15세이상관람가,범죄
20172469,허스토리,335540,2018-06-27,2,12세이상관람가,드라마
20182932,SPFF 2018 얼음강+백서,241, ,1,,드라마
19760096,금욕,285,1976-03-13,1,12세이상관람가,드라마
20184678,배반의 장미,40208,2018-10-18,57,15세이상관람가,코미디
20179101,공작,4974340,2018-08-08,1,12세이상관람가,드라마
20172204,명당,2084319,2018-09-19,4,12세이상관람가,사극
20167903,원더풀 고스트,448316,2018-09-26,9,12세이상관람가,코미디
20153446,너의 결혼식,2820486,2018-08-22,7,12세이상관람가,멜로/로맨스
20177537,상류사회,767589,2018-08-29,5,청소년관람불가,드라마
20156554,물괴,719968,2018-09-12,90,15세이상관람가,액션
20180367,인디애니페스트 2018 새벽비행 2,2806, ,5,,애니메이션
20170670,목격자,2522729,2018-08-15,64,15세이상관람가,스릴러
20180333,인디애니페스트 2018 새벽비행 1,1168, ,2,,애니메이션
20189161,꽃찌: 독이 있는 사랑,889,2018-08-23,1,청소년관람불가,드라마
20188501,미친도시,1992,2018-08-30,2,15세이상관람가,드라마
20180113,과외의 추억,179,2018-09-07,20,청소년관람불가,멜로/로맨스
20180874,PDFF2018 장애인미디어운동2,123, ,1,,기타
20185242,신비아파트: 금빛 도깨비와 비밀의 동굴,677788,2018-07-25,6,전체관람가,애니메이션
20175217,레터스,150, ,1,,다큐멘터리
20179383,독전,5063620,2018-05-22,1,15세이상관람가,범죄
20170942,인랑,897255,2018-07-25,5,15세이상관람가,SF
20060434,침묵의 숲,90, ,1,,다큐멘터리
20185341,마녀,3188969,2018-06-27,1,15세이상관람가,미스터리
20187287,2018_hyukoh_24howtofindtrueloveandhappiness.proproj,324, ,1,,다큐멘터리
20188688,Diff 2018 경쟁6 ,40, ,1,,드라마
20178161,탐정: 리턴즈,3152568,2018-06-13,5,15세이상관람가,코미디
20174369,변산,489619,2018-07-04,3,15세이상관람가,드라마
20162442,청년경찰,5653444,2017-08-09,1,15세이상관람가,액션
20188042,독전: 익스텐디드 컷,136885,2018-07-18,53,15세이상관람가,범죄
20187682,해적왕 작스톰,4434,2018-07-25,63,전체관람가,애니메이션
20180282,속닥속닥,217326,2018-07-13,10,15세이상관람가,공포(호러)
20187947,kqff 2018 국내단편2: 중력을 벗어나,153, ,1,,드라마
20186362,Replay_내일+미지와의 조우+알송달송,2628, ,2,,뮤지컬
20184101,여중생A,96893,2018-06-20,12,12세이상관람가,드라마
20170669,지금 만나러 갑니다,2601857,2018-03-14,15,12세이상관람가,멜로/로맨스
20159647,리얼,470135,2017-06-28,1,청소년관람불가,액션
20186203,MSFF2018 사랑에 관한 짧은 필름 1,304, ,1,,멜로/로맨스
20186221,MSFF2018 희극지왕 3,297, ,1,,코미디
20186206,MSFF2018 희극지왕 1,277, ,1,,코미디
20186926,게이트-완결판,771,2018-06-21,5,15세이상관람가,범죄
20186284,교회누나,179,2018-06-22,20,청소년관람불가,멜로/로맨스
20186265,정사 : 캠퍼스 커플,129,2018-06-22,20,청소년관람불가,멜로/로맨스
20177005,레슬러,770631,2018-05-09,6,15세이상관람가,드라마
20189783,챔피언,1128693,2018-05-01,1,12세이상관람가,드라마
20100510,자유부인,2278,1956-06-09,1,청소년관람불가,드라마
20186322,이제는 퀴어 영화도 해피 엔딩!,45, ,1,,기타
20181366,미니특공대X,99971,2018-03-22,1,전체관람가,애니메이션
20173865,데자뷰,48134,2018-05-30,19,15세이상관람가,미스터리
20162869,택시운전사,12189025,2017-08-02,2,15세이상관람가,드라마
20185263,[인디포럼2018] 신작전 05 변하는 사랑,83, ,1,,기타
20185262,[인디포럼2018] 신작전 03 내 갈 길을 가마,66, ,1,,기타
20185246,[인디포럼2018] 신작전 10 우리들의 21세기,63, ,1,,기타
20151230,원라인,435090,2017-03-29,1,15세이상관람가,범죄
20185582,이산+뛰어도 뛰어도,0, ,1,,드라마
20177266,나를 기억해,140700,2018-04-19,2,청소년관람불가,미스터리
20174602,노무현입니다,1855489,2017-05-25,1,12세이상관람가,다큐멘터리
20182221,스파키,35432,2018-04-12,1,전체관람가,애니메이션
20153447,바람 바람 바람,1194157,2018-04-05,6,청소년관람불가,코미디
20182021,번개맨과 신비의 섬,60535,2018-04-05,9,전체관람가,가족
20175046,파파 오랑후탄,1447,2018-04-19,3,12세이상관람가,다큐멘터리
20181984,어린 처제,180,2018-05-04,20,청소년관람불가,멜로/로맨스
20183541,딸의 애인,180,2018-05-04,20,청소년관람불가,멜로/로맨스
20165045,머니백,53516,2018-04-12,5,15세이상관람가,액션
20150976,신과함께-죄와 벌,14410754,2017-12-20,1,12세이상관람가,판타지
20154908,7년의 밤,526880,2018-03-28,12,15세이상관람가,스릴러
20168323,염력,990102,2018-01-31,18,15세이상관람가,드라마
20150969,궁합,1339680,2018-02-28,1,12세이상관람가,코미디
20178781,사라진 밤,1314308,2018-03-07,126,15세이상관람가,스릴러
20172244,치즈인더트랩,228413,2018-03-14,62,15세이상관람가,멜로/로맨스
20189525,젝스키스 에이틴,50038,2018-01-18,3,전체관람가,다큐멘터리
20189663,게이트,99731,2018-02-28,20,15세이상관람가,범죄
20168250,골든슬럼버,1386882,2018-02-14,13,15세이상관람가,범죄
20177473,비밥바룰라,45779,2018-01-24,1,12세이상관람가,코미디
20176121,흥부: 글로 세상을 바꾼 자,416137,2018-02-14,7,12세이상관람가,사극
20179205,조선명탐정: 흡혈괴마의 비밀,2443282,2018-02-08,8,12세이상관람가,사극
20181741,예스 평창!,595,2018-03-08,1,전체관람가,다큐멘터리
20176104,그것만이 내 세상,3415953,2018-01-17,4,12세이상관람가,코미디
20170590,1987,7229281,2017-12-27,62,15세이상관람가,드라마
20189761,터닝메카드W: 반다인의 비밀 특별판,21220,2018-02-08,30,전체관람가,애니메이션
20174846,뽀로로 극장판 공룡섬 대모험,826003,2017-12-07,2,전체관람가,애니메이션
20168161,1급기밀,217956,2018-01-24,20,12세이상관람가,드라마
20161681,미옥,239987,2017-11-09,3,청소년관람불가,범죄
20180481,나인데이즈,296, ,1,,기타
20170402,강철비,4449854,2017-12-14,37,15세이상관람가,액션
20175830,돌아와요 부산항애(愛),5824,2018-01-17,82,15세이상관람가,범죄
20172742,범죄도시,6880351,2017-10-03,10,청소년관람불가,범죄
20173581,기억의 밤,1387499,2017-11-29,6,15세이상관람가,미스터리
20010047,번지점프를 하다,4055,2001-02-02,1,15세관람가,드라마
20178706,오렌지필름 영화제 요즘 어떤 이별 하세요?,58, ,1,,기타
20179069,박선주 감독전,23, ,1,,기타
20176769,광인옥한흠,2681,2017-12-28,5,전체관람가,다큐멘터리
20177103,섹스의 목적 - 감독판,166,2017-12-14,1,청소년관람불가,멜로/로맨스
20165748,꾼,4018035,2017-11-22,5,15세이상관람가,범죄
20175441,채비,177428,2017-11-09,1,12세이상관람가,드라마
20138712,꼭두각시,32628,2013-06-20,1,청소년관람불가,공포(호러)
20177803,"서울영화제 ""사람들의 이야기""",398, ,1,,기타
20161762,반드시 잡는다,446764,2017-11-29,3,15세이상관람가,스릴러
20176044,2017 중앙영화제 보름달,268, ,1,,기타
20168754,7호실,346986,2017-11-15,5,15세이상관람가,코미디
20172603,부라더,1492049,2017-11-02,8,12세이상관람가,코미디
20177227,DIMA 방송보도제작과 영상제 ‘추억이 오네요’ 2부 ,320, ,1,,기타
20175208,뷰티풀 투모로우,62650,2017-10-26,1,12세이상관람가,드라마
20173903,역모-반란의 시대,21657,2017-11-23,355,15세이상관람가,사극
20171817,넛잡 2,410569,2017-10-03,5,전체관람가,애니메이션
20169643,침묵,493673,2017-11-02,8,15세이상관람가,드라마
20165450,남한산성,3846769,2017-10-03,20,15세이상관람가,사극
20171885,노트르담 드 파리,4974,2017-11-01,33,전체관람가,뮤지컬
20164424,대장 김창수,377071,2017-10-19,51,12세이상관람가,드라마
20154907,희생부활자,322207,2017-10-12,19,15세이상관람가,미스터리
20154909,살인자의 기억법,2657557,2017-09-06,20,15세이상관람가,범죄
20151227,아빠는 딸,647305,2017-04-12,2,12세이상관람가,코미디
20150964,조작된 도시,2515315,2017-02-09,1,15세이상관람가,범죄
20151003,장산범,1306387,2017-08-17,5,15세이상관람가,미스터리
20172964,이웃집 스타,10747,2017-09-21,1,12세이상관람가,코미디
20164174,브이아이피,1373298,2017-08-23,2,청소년관람불가,범죄
20172759,더 헌트+동경소녀+노브라 해방기+여자답게 싸워라,926, ,2,,기타
20172758,꽃피는 편지+페루자+여름의 출구+동백꽃이 피면,591, ,3,,기타
20172778,"숨바꼭질+지구별+가을단기방학+못, 함께하는",943, ,2,,기타
20172757,김장+손의 무게+미열,1000, ,2,,기타
20161481,군함도,6591193,2017-07-26,6,15세이상관람가,액션
20179407,로마의 휴일,134577,2017-08-30,5,15세이상관람가,코미디
20124074,건축학개론,4112496,2012-03-22,1,12세이상관람가,멜로/로맨스
20173826,구세주: 리턴즈,4052,2017-09-14,121,15세이상관람가,코미디
20171105,SESIFF2017 제1기 영등포 초단편영화 아카데미,623, ,3,,기타
20170791,안양국제청소년영화제 국내경쟁 3 (언더 24),120, ,1,,기타
20171644,게이봉박두5 : 자유로운 연애중,336, ,1,,기타
20177533,무정,590, ,1,,멜로/로맨스
19760017,진짜 진짜 잊지마,207,1976-02-14,1,12세이상관람가,드라마
20171742,제16회 미쟝센 단편영화제 수상작 특별전 단편섹션 1,53, ,1,,기타
20171743,제16회 미쟝센 단편영화제 수상작 특별전 단편섹션 2,46, ,1,,기타
20165042,빅뱅 메이드,56200,2016-06-30,1,12세이상관람가,다큐멘터리
20000044,공동경비구역 JSA,1089,2000-09-08,1,15세관람가,드라마
20171059,3분 파트너,127,2017-08-17,2,청소년관람불가,멜로/로맨스
20179604,색에 놀다,127,2017-08-11,19,청소년관람불가,멜로/로맨스
20170568,구교환 배우전 - 단편 1,111, ,1,,기타
20170085,대구단편영화제 경쟁6,52, ,1,,기타
20174063,인디피크닉2017-단편2 <B급의 맛>,143, ,1,,기타
20179983,단편2: 다섯 번째 계절들 [썸머프라이드시네마],150, ,1,,기타
20179889,국내단편2: 깊은 밤을 날아서,235, ,1,,기타
20179888,국내단편1: 퀴어 파노라마,203, ,1,,기타
19580069,돈,852,1950-03-09,1,,드라마
20080697,안녕하세요 하나님,199,1987-12-24,1,연소자관람가,드라마
20162343,악녀,1207119,2017-06-08,40,청소년관람불가,액션
20178721,육체인터뷰,177,2017-07-14,20,청소년관람불가,멜로/로맨스
20100511,지옥화,3448,1958-04-20,1,미정,멜로/로맨스
20166384,하루,1129233,2017-06-15,4,15세이상관람가,스릴러
20179807,젝스키스 20주년 기념 하와이 영상 NEW KIES ON THE [HONOLULU],4284, ,14,,기타
20169348,대립군,837310,2017-05-31,3,15세이상관람가,드라마
20177546,MSFF2017 사랑에 관한 짧은 필름 4,277, ,1,,멜로/로맨스
20177524,MSFF2017 사랑에 관한 짧은 필름 2,258, ,1,,멜로/로맨스
20177550,MSFF2017 4만번의 구타 1,255, ,1,,액션
20162722,보안관,2587648,2017-05-03,2,15세이상관람가,범죄
19560023,격퇴,401,1956-04-04,1,12세이상관람가,전쟁
20175581,파워배틀 와치카: 와치가면의 역습,23136,2017-06-01,2,전체관람가,애니메이션
20177223,청춘 합창단 - 또 하나의 꿈,5041,2017-06-15,38,전체관람가,다큐멘터리
20175841,티켓 다방 - 무삭제판,175,2017-06-16,20,청소년관람불가,멜로/로맨스
20156708,석조저택 살인사건,351342,2017-05-09,7,15세이상관람가,스릴러
20162871,특별시민,1362434,2017-04-26,6,15세이상관람가,드라마
20178061,평화의 시대+Present+브레멘,125, ,1,,드라마
20161726,임금님의 사건수첩,1634038,2017-04-26,5,12세이상관람가,코미디
20144444,아가씨,4288530,2016-06-01,1,청소년관람불가,스릴러
19550028,미망인,1195,1955-12-10,1,청소년관람불가,드라마
20173061,슈퍼 빼꼼: 스파이 대작전,98020,2017-05-03,10,전체관람가,애니메이션
20174165,극장판 또봇: 로봇군단의 습격,141573,2017-04-27,4,전체관람가,애니메이션
20162181,프리즌,2931897,2017-03-23,5,청소년관람불가,범죄
19800040,미워도 다시 한번 '80,2141,1980-06-21,1,국민학생관람불가,드라마
20174325,콕!애니 - [섹션3] Old but New : 변주,494, ,1,,애니메이션
20167901,어느날,234586,2017-04-05,5,15세이상관람가,멜로/로맨스
20174341,콕!애니 - [섹션1] Between : 너와 나의 사이,304, ,2,,애니메이션
20080893,렌의 애가,1650,1969-01-01,1,15세이상관람가,드라마
20161923,시간위의 집,128764,2017-04-05,14,15세이상관람가,미스터리
20175184,가정교사-맛있는 섹스 비밀 수업,132,2017-04-21,20,청소년관람불가,멜로/로맨스
20166421,재심,2420977,2017-02-15,2,15세이상관람가,드라마
20139183,역린,3849700,2014-04-30,1,15세이상관람가,사극
20150971,해빙,1204384,2017-03-01,4,15세이상관람가,스릴러
20162381,일사각오,94825,2016-03-17,1,12세이상관람가,드라마
20159657,최강전사 미니특공대: 영웅의 탄생,117291,2016-02-04,1,전체관람가,애니메이션
20167902,보통사람,382202,2017-03-23,50,15세이상관람가,드라마
20174081,"인디피크닉2017-단편5 <혼돈의 밤, 소동의 기억>",143, ,1,,기타
20144257,안녕 자두야 스페셜 : 인어공주 ,272, ,1,전체관람가,애니메이션
20161723,싱글라이더,351276,2017-02-22,1,15세이상관람가,드라마
20172401,왕을 참하라,4188,2017-03-16,1,청소년관람불가,드라마
20167905,비정규직 특수요원,146802,2017-03-16,102,15세이상관람가,코미디
20173501,SIDOF2017_9 와 0 사이/You are my../서른/탈,184, ,1,,기타
20173302,플레이온,172, ,1,,다큐멘터리
20173402,어떤 점거,136, ,1,,다큐멘터리
19628013,인목대비,2564, ,1,,사극
20167567,결사대작전,691,1969-09-03,1,,드라마
19628028,와룡선생 상경기,2159, ,1,,코미디
20168668,레이디버그,40989,2017-02-22,17,전체관람가,애니메이션
20153317,서울의 지붕 밑,1563, ,1,,코미디
20144641,판도라,4583645,2016-12-07,1,12세이상관람가,드라마
20156562,루시드 드림,102047,2017-02-22,2,15세이상관람가,SF
19700035,미워도 다시 한번 3,1988,1970-01-01,1,12세이상관람가,드라마
20151228,공조,7816521,2017-01-18,34,15세이상관람가,액션
20161366,"그래, 가족",46378,2017-02-15,5,12세이상관람가,코미디
19660041,물레방아,648,1966-11-10,1,12세이상관람가,멜로/로맨스
19730023,흑권,592,1973-09-09,1,12세이상관람가,액션
20161725,마스터,7150142,2016-12-21,5,15세이상관람가,액션
20145503,검은 사제들,5442915,2015-11-05,1,15세이상관람가,미스터리
20170602,오오극장 개관 2주년 특별전 - 류선영 배우 단편모음,110, ,1,,드라마
20150966,사랑하기 때문에,340766,2017-01-04,4,12세이상관람가,코미디
20179694,맛있는 워킹걸,158,2017-02-02,5,청소년관람불가,멜로/로맨스
20167689,여비서,18,2016-12-22,1,청소년관람불가,멜로/로맨스
20168104,2017 한국영화아카데미 33기 졸업영화제 - B,414, ,2,,기타
20168087,2017 한국영화아카데미 33기 졸업영화제 - C,414, ,2,,기타
20168088,2017 한국영화아카데미 33기 졸업영화제 - D,414, ,1,,기타
20168086,2017 한국영화아카데미 33기 졸업영화제 - A,414, ,2,,기타
20168643,2017 한국영화아카데미 33기 졸업영화제 - 개막작,160, ,1,,기타
20152371,"당신, 거기 있어줄래요",1168597,2016-12-14,5,12세이상관람가,판타지
20166077,오오단편극장-연애의 문을 여네,30, ,1,,기타
20165972,아이돌 섹스 스캔들 2,6,2016-12-08,1,청소년관람불가,멜로/로맨스
19880070,칠수와 만수,321,1988-11-26,1,고등학생이상관람가,드라마
20154661,형,2980397,2016-11-23,1,12세이상관람가,코미디
20168624,오오단편극장 - 이학주 배우전,49, ,1,,드라마
20165724,친구애인,6,2016-12-12,1,청소년관람불가,멜로/로맨스
20155223,목숨 건 연애,47805,2016-12-14,6,15세이상관람가,멜로/로맨스
20153741,미씽: 사라진 여자,1153109,2016-11-30,1,15세이상관람가,미스터리
19820019,만추,849371,2011-02-17,1,15세이상관람가,멜로/로맨스
20154905,가려진 시간,510728,2016-11-16,5,12세이상관람가,드라마
20140704,비밀은 없다,250829,2016-06-23,1,청소년관람불가,스릴러
20123501,군도: 민란의 시대,4775811,2014-07-23,1,15세이상관람가,사극
20150979,덕혜옹주,5599229,2016-08-03,2,12세이상관람가,사극
20151022,걷기왕,95393,2016-10-20,1,12세이상관람가,드라마
20160472,두 남자,59788,2016-11-30,23,청소년관람불가,범죄
20153444,럭키,6974991,2016-10-13,1,15세이상관람가,코미디
20163521,스플릿,757863,2016-11-09,4,15세이상관람가,드라마
20156250,인천상륙작전,7049537,2016-07-27,1,12세이상관람가,전쟁
20153443,아수라,2594028,2016-09-28,2,청소년관람불가,범죄
19910067,천국의 계단,297,1992-02-15,1,고등학생이상관람가,드라마
20165524,타는 여자,168,2016-11-25,20,청소년관람불가,멜로/로맨스
20165152,여배우 섹스 스캔들2,125,2016-11-25,20,청소년관람불가,드라마
20124050,화차,2436810,2012-03-08,1,15세이상관람가,미스터리
19688114,암굴왕,744, ,1,,드라마
20163107,아더왕의 전설,847,2016-11-09,2,전체관람가,공연
20150564,혼숨,286147,2016-10-26,73,15세이상관람가,공포(호러)
20150566,극장판 꼬마버스 타요의 에이스 구출작전,134658,2016-01-21,4,전체관람가,애니메이션
20155486,"소년, 달리다",356, ,1,,다큐멘터리
20166163,마포사는 황부자,1229, ,1,,드라마
20162526,AISFF2016 국내경쟁 1,150, ,1,,기타
20164002,[PDFF2016] PDFF경선 3,148, ,1,,기타
20163995,[PDFF2016] PDFF경선 5,148, ,1,,기타
20166541,달빛궁궐,152634,2016-09-07,4,전체관람가,애니메이션
20112212,만추,1239,1982-02-28,1,연소자관람불가,드라마
20159646,밀정,7499738,2016-09-07,3,15세이상관람가,액션
20159648,"고산자, 대동여지도",973951,2016-09-07,1,전체관람가,사극
20162704,극장판 안녕 자두야,280197,2016-05-04,1,전체관람가,애니메이션
20162052,제6회 서울 프라이드 영화제 국내단편1,90, ,1,,기타
20162054,제6회 서울 프라이드 영화제 국내단편3,77, ,1,,기타
20162053,제6회 서울 프라이드 영화제 국내단편2,76, ,1,,기타
20162022,대결,32278,2016-09-22,2,15세이상관람가,액션
20160876,어린 형수 - 무삭제판,184,2016-10-13,20,청소년관람불가,멜로/로맨스
20161082,진시황제와 만리장성,165, ,1,,드라마
20161697,제6회 고양스마트영화제 2일 2부,150, ,1,,기타
20161716,제6회 고양스마트영화제 2일 1부,150, ,1,,기타
20161715,제6회 고양스마트영화제 1일 2부,150, ,1,,기타
20160223,불륜의 후예,183,2016-09-30,20,청소년관람불가,멜로/로맨스
20160864,오오단편극장 – 김태리 배우 특별전,162, ,1,,드라마
20160041,인천상륙작전 : 익스텐디드 에디션(확장판),26950,2016-09-13,2,15세이상관람가,전쟁
20154910,터널,7120241,2016-08-10,17,12세이상관람가,드라마
20150968,국가대표 2,709240,2016-08-10,1,12세이상관람가,드라마
19850074,화녀촌,449,1985-11-16,1,연소자관람불가,드라마
20161961,나는 증인이다,557,2016-09-14,2,15세이상관람가,미스터리
20169366,부부의 스폰서,313,2016-09-09,20,청소년관람불가,멜로/로맨스
20150901,올레,66127,2016-08-25,60,15세이상관람가,드라마
20168863,19 섹스 맛있는 속 궁합,177,2016-09-02,20,청소년관람불가,멜로/로맨스
20168125,19금 만남의 목적,177,2016-09-02,20,청소년관람불가,멜로/로맨스
20140121,"1789, 바스티유의 연인들",4386,2014-09-18,6,전체관람가,뮤지컬
20152105,"시발, 놈: 인류의 시작",965,2016-08-18,7,15세이상관람가,코미디
20101365,내시,3847, ,1,,드라마
19678075,원점,198, ,1,,액션
20159644,봉이 김선달,2049396,2016-07-06,5,12세이상관람가,사극
20168148,꿈꾸는 나비,135,2016-08-12,21,청소년관람불가,미스터리
20156807,뽀로로 극장판 컴퓨터 왕국 대모험,445360,2015-12-10,1,전체관람가,애니메이션
20166542,태양은늙지않는다,159, ,1,,드라마
20165381,탐정사무소-평강공주와 바보온달 무삭제판,292,2016-06-15,2,청소년관람불가,스릴러
20156559,계춘할망,482259,2016-05-19,3,15세이상관람가,가족
20050216,형사 Duelist,922680,2005-09-08,1,12세관람가,멜로/로맨스
20150972,굿바이 싱글,2103766,2016-06-29,129,15세이상관람가,코미디
20050239,너는 내 운명,2701544,2005-09-23,1,18세관람가,멜로/로맨스
20140194,곡성,6879769,2016-05-12,7,15세이상관람가,미스터리
20158982,트릭,37763,2016-07-13,5,15세이상관람가,스릴러
20154906,사냥,645580,2016-06-29,27,15세이상관람가,액션
19750091,태풍을 일으킨 사나이,310,1975-11-06,1,12세이상관람가,멜로/로맨스
20159645,특별수사: 사형수의 편지,1237897,2016-06-16,138,15세이상관람가,범죄
20165344,주말부부,291,2016-07-08,21,청소년관람불가,멜로/로맨스
20112773,백사부인,854,1960-10-02,1,,사극
20165072,제15회 미쟝센 단편영화제 희극지왕 2,317, ,1,,코미디
20158483,오빠생각,1069864,2016-01-21,1,12세이상관람가,드라마
19940063,장미의 나날,237,1994-04-02,1,연소자관람불가,스릴러
20164873,국내단편1:헤어지고 다시 만나고,123, ,1,,기타
20164874,국내단편2 : 새로운시작,119, ,1,,기타
20132795,콩나물,83, ,1,,드라마
20158242,무서운 이야기 3 : 화성에서 온 소녀,96662,2016-06-01,88,15세이상관람가,공포(호러)
20162431,극장판 프랭키와 친구들: 생명의 나무,55568,2016-04-13,15,전체관람가,애니메이션
20161364,귀향,3586442,2016-02-24,1,15세이상관람가,드라마
20143509,엽기적인 그녀 2,74581,2016-05-12,16,15세이상관람가,멜로/로맨스
20155700,왕자 호동,416, ,1,,사극
20164130,[인디포럼2016] 신작06 그 남자 그 여자의 사정 ,164, ,1,,기타
20145506,해어화,484735,2016-04-13,3,15세이상관람가,사극
20164001,착한 여비서의 목적,559,2016-05-20,20,청소년관람불가,멜로/로맨스
20159641,위대한 소원,307332,2016-04-21,17,15세이상관람가,코미디
20142621,시간이탈자,1202050,2016-04-13,21,15세이상관람가,스릴러
20163721,탐정사무소 - 사랑과 전쟁,315,2016-05-13,20,청소년관람불가,스릴러
20152782,"날, 보러와요",1062288,2016-04-07,31,청소년관람불가,미스터리
19860024,겨울나그네,3449,1986-04-12,1,연소자관람불가,드라마
20136068,히말라야,7759635,2015-12-16,1,12세이상관람가,드라마
20150902,대배우,165401,2016-03-30,188,12세이상관람가,코미디
20111486,강화도령,2451, ,1,,사극
19800068,바람불어 좋은 날,905,1980-11-27,1,연소자관람불가,드라마
19930013,여자의 일생,377,1993-05-28,1,연소자관람불가,멜로/로맨스
20145396,널 기다리며,633208,2016-03-10,48,청소년관람불가,스릴러
20145507,검사외전,9706777,2016-02-03,4,15세이상관람가,범죄
20151945,파란 이별의 글씨,1914, ,1,,드라마
20148048,베테랑,13414136,2015-08-05,1,15세이상관람가,액션
20148841,헬머니,523494,2015-03-05,1,청소년관람불가,코미디
19580061,별아 내 가슴에,1126,1958-05-31,1,,멜로/로맨스
20162499,인디다큐페스티발2016 국내신작전 15,126, ,1,,다큐멘터리
20080306,Out : 이반검열 두 번째 이야기 ,121, ,1,,다큐멘터리
20162484,인디다큐페스티발2016  국내신작전 11,115, ,1,,다큐멘터리
20161722,히야,21501,2016-03-10,16,12세이상관람가,드라마
20150977,좋아해줘,847912,2016-02-17,24,12세이상관람가,멜로/로맨스
20145502,남과 여,203191,2016-02-25,12,청소년관람불가,멜로/로맨스
20151021,순정,239366,2016-02-24,3,12세이상관람가,드라마
20157205,하숙생,1956, ,1,,기타
20145171,대호,1762569,2015-12-16,1,12세이상관람가,사극
20152541,무수단,12952,2016-03-03,228,15세이상관람가,미스터리
20150903,번개맨,68734,2016-02-11,8,전체관람가,판타지
20157466,"로봇, 소리",475622,2016-01-27,49,12세이상관람가,드라마
20150025,내부자들: 디 오리지널,2082913,2015-12-31,39,청소년관람불가,범죄
20068576,그날의 분위기,651612,2016-01-14,17,15세이상관람가,멜로/로맨스
20142641,나를 잊지 말아요,427190,2016-01-07,6,15세이상관람가,멜로/로맨스
20144442,조선마술사,627379,2015-12-30,53,12세이상관람가,드라마
20152370,잡아야 산다,54270,2016-01-07,24,15세이상관람가,코미디
20158910,하숙집 2,566,2016-01-07,2,청소년관람불가,멜로/로맨스
20157501,극적인 하룻밤,321616,2015-12-03,7,청소년관람불가,멜로/로맨스
19750002,애수의 샌프란시스코,405,1975-03-28,1,전체관람가,멜로/로맨스
20156748,열정같은소리하고있네,654407,2015-11-25,1,15세이상관람가,드라마
20149299,파일 : 4022일의 사육,1286,2015-12-10,4,청소년관람불가,미스터리
20149266,차이나타운,1472102,2015-04-29,1,청소년관람불가,범죄
20159686,색끈한 퓨전사극 심청야사,507,2015-12-17,5,청소년관람불가,사극
20147130,타투,11866,2015-12-10,3,청소년관람불가,스릴러
20156557,탐정 : 더 비기닝,2625686,2015-09-24,2,15세이상관람가,코미디
20157176,오디세오,862,2015-10-22,1,전체관람가,공연
20140144,도리화가,316310,2015-11-25,35,12세이상관람가,사극
20159002,서태지밴드 콘서트투어 '콰이어트나이트',5361,2015-11-26,6,전체관람가,공연
20124034,도둑들,12983821,2012-07-25,1,15세이상관람가,액션
20158682,꾸루꾸루와 친구들: 무지개 나무의 비밀,6736,2015-11-19,9,전체관람가,애니메이션
20143513,미쓰 와이프,988391,2015-08-13,2,15세이상관람가,코미디
20148851,암살,12704656,2015-07-22,6,15세이상관람가,액션
20145501,돌연변이,100498,2015-10-22,7,12세이상관람가,드라마
20157465,그놈이다,1045218,2015-10-28,35,15세이상관람가,스릴러
20158806,용주골,306,2015-11-19,20,청소년관람불가,드라마
20157464,더 폰,1593592,2015-10-22,7,15세이상관람가,스릴러
20158701,세상끝의 사랑,3080,2015-11-12,97,청소년관람불가,멜로/로맨스
20142855,성난 변호사,1127747,2015-10-08,21,15세이상관람가,범죄
20149961,미안해 사랑해 고마워,50571,2015-10-28,5,15세이상관람가,드라마
